<?xml version="1.0"?>
<ARBRE>
  <NIVEAU>5</NIVEAU>
  <GEOMETRIE>
    <CHAPITRE>
      <TITRE>Sym&#xE9;trie centrale</TITRE>
      <SERIE>
        <TITRE>Prendre un bon d&#xE9;part</TITRE>
        <URL>geometrie/chap1/serie1/index.html</URL>
        <CODE>5G1s1</CODE>
      </SERIE>
      <SERIE>
        <TITRE>Constructions avec trame</TITRE>
        <URL>geometrie/chap1/serie2/index.html</URL>
        <CODE>5G1s2</CODE>
      </SERIE>
      <SERIE>
        <TITRE>Constructions</TITRE>
        <URL>geometrie/chap1/serie3/index.html</URL>
        <CODE>5G1s3</CODE>
      </SERIE>
      <SERIE>
        <TITRE>Propri&#xE9;tes</TITRE>
        <URL>geometrie/chap1/serie4/index.html</URL>
        <CODE>5G1s4</CODE>
      </SERIE>
      <SERIE>
        <TITRE>Centre de sym&#xE9;trie</TITRE>
        <URL>geometrie/chap1/serie5/index.html</URL>
        <CODE>5G1s5</CODE>
      </SERIE>
      <SERIE>
        <TITRE>Pour aller plus loin ...</TITRE>
        <URL>geometrie/chap1/serie6/index.html</URL>
        <CODE>5G1s6</CODE>
      </SERIE>
    </CHAPITRE>
    <CHAPITRE>
      <TITRE>Triangles</TITRE>
      <SERIE>
        <TITRE>Vocabulaire, d&#xE9;finitions</TITRE>
        <URL>geometrie/chap2/serie1/index.html</URL>
        <CODE>5G2s1</CODE>
      </SERIE>
      <SERIE>
        <TITRE>Somme des angles</TITRE>
        <URL>geometrie/chap2/serie2/index.html</URL>
        <CODE>5G2s2</CODE>
      </SERIE>
      <SERIE>
        <TITRE>In&#xE9;galit&#xE9; triangulaire</TITRE>
        <URL>geometrie/chap2/serie3/index.html</URL>
        <CODE>5G2s3</CODE>
      </SERIE>
      <SERIE>
        <TITRE>Constructions</TITRE>
        <URL>geometrie/chap2/serie4/index.html</URL>
        <CODE>5G2s4</CODE>
      </SERIE>
      <SERIE>
        <TITRE>Droites remarquables</TITRE>
        <URL>geometrie/chap2/serie5/index.html</URL>
        <CODE>5G2s5</CODE>
      </SERIE>
      <SERIE>
        <TITRE>Pour aller plus loin ...</TITRE>
        <URL>geometrie/chap2/serie6/index.html</URL>
        <CODE>5G2s6</CODE>
      </SERIE>
    </CHAPITRE>
    <CHAPITRE>
      <TITRE>Parall&#xE9;logrammes</TITRE>
      <SERIE>
        <TITRE>Prendre un bon d&#xE9;part</TITRE>
        <URL>geometrie/chap3/serie1/index.html</URL>
        <CODE>5G3s1</CODE>
      </SERIE>
      <SERIE>
        <TITRE>Propri&#xE9;t&#xE9;s (quelconques)</TITRE>
        <URL>geometrie/chap3/serie2/index.html</URL>
        <CODE>5G3s2</CODE>
      </SERIE>
      <SERIE>
        <TITRE>Propri&#xE9;t&#xE9;s (particuliers)</TITRE>
        <URL>geometrie/chap3/serie3/index.html</URL>
        <CODE>5G3s3</CODE>
      </SERIE>
      <SERIE>
        <TITRE>Constructions (quelconques)</TITRE>
        <URL>geometrie/chap3/serie4/index.html</URL>
        <CODE>5G3s4</CODE>
      </SERIE>
      <SERIE>
        <TITRE>Constructions (particuliers)</TITRE>
        <URL>geometrie/chap3/serie5/index.html</URL>
        <CODE>5G3s5</CODE>
      </SERIE>
      <SERIE>
        <TITRE>D&#xE9;monstrations (quelconques)</TITRE>
        <URL>geometrie/chap3/serie6/index.html</URL>
        <CODE>5G3s6</CODE>
      </SERIE>
      <SERIE>
        <TITRE>D&#xE9;monstrations (particuliers)</TITRE>
        <URL>geometrie/chap3/serie7/index.html</URL>
        <CODE>5G3s7</CODE>
      </SERIE>
      <SERIE>
        <TITRE>Pour aller plus loin ...</TITRE>
        <URL>geometrie/chap3/serie8/index.html</URL>
        <CODE>5G3s8</CODE>
      </SERIE>
    </CHAPITRE>
    <CHAPITRE>
      <TITRE>Aires et P&#xE9;rim&#xE8;tres</TITRE>
      <SERIE>
        <TITRE>Prendre un bon d&#xE9;part</TITRE>
        <URL>geometrie/chap4/serie1/index.html</URL>
        <CODE>5G4s1</CODE>
      </SERIE>
      <SERIE>
        <TITRE>Formules d'aires</TITRE>
        <URL>geometrie/chap4/serie2/index.html</URL>
        <CODE>5G4s2</CODE>
      </SERIE>
      <SERIE>
        <TITRE>Aires de triangles</TITRE>
        <URL>geometrie/chap4/serie3/index.html</URL>
        <CODE>5G4s3</CODE>
      </SERIE>
      <SERIE>
        <TITRE>Aires de quadrilat&#xE8;res</TITRE>
        <URL>geometrie/chap4/serie4/index.html</URL>
        <CODE>5G4s4</CODE>
      </SERIE>
      <SERIE>
        <TITRE>Disques</TITRE>
        <URL>geometrie/chap4/serie5/index.html</URL>
        <CODE>5G4s5</CODE>
      </SERIE>
      <SERIE>
        <TITRE>Pour aller plus loin ...</TITRE>
        <URL>geometrie/chap4/serie6/index.html</URL>
        <CODE>5G4s6</CODE>
      </SERIE>
    </CHAPITRE>
    <CHAPITRE>
      <TITRE>Angles</TITRE>
      <SERIE>
        <TITRE>Prendre un bon d&#xE9;part</TITRE>
        <URL>geometrie/chap5/serie1/index.html</URL>
        <CODE>5G5s1</CODE>
      </SERIE>
      <SERIE>
        <TITRE>Vocabulaire</TITRE>
        <URL>geometrie/chap5/serie2/index.html</URL>
        <CODE>5G5s2</CODE>
      </SERIE>
      <SERIE>
        <TITRE>Propri&#xE9;t&#xE9;s</TITRE>
        <URL>geometrie/chap5/serie3/index.html</URL>
        <CODE>5G5s3</CODE>
      </SERIE>
      <SERIE>
        <TITRE>Pour aller plus loin ...</TITRE>
        <URL>geometrie/chap5/serie4/index.html</URL>
        <CODE>5G5s4</CODE>
      </SERIE>
    </CHAPITRE>
    <CHAPITRE>
      <TITRE>Prismes et cylindres</TITRE>
      <SERIE>
        <TITRE>Pour prendre un bon d&#xE9;part</TITRE>
        <URL>geometrie/chap6/serie1/index.html</URL>
        <CODE>5G6s1</CODE>
      </SERIE>
      <SERIE>
        <TITRE>Patrons et perspectives</TITRE>
        <URL>geometrie/chap6/serie2/index.html</URL>
        <CODE>5G6s2</CODE>
      </SERIE>
      <SERIE>
        <TITRE>Aires lat&#xE9;rales</TITRE>
        <URL>geometrie/chap6/serie3/index.html</URL>
        <CODE>5G6s3</CODE>
      </SERIE>
      <SERIE>
        <TITRE>Volumes</TITRE>
        <URL>geometrie/chap6/serie4/index.html</URL>
        <CODE>5G6s4</CODE>
      </SERIE>
      <SERIE>
        <TITRE>Pour aller plus loin ...</TITRE>
        <URL>geometrie/chap6/serie5/index.html</URL>
        <CODE>5G6s5</CODE>
      </SERIE>
    </CHAPITRE>
  </GEOMETRIE>
  <NUMERIQUE>
    <CHAPITRE>
      <TITRE>Priorit&#xE9;s, distributivit&#xE9;</TITRE>
      <SERIE>
        <TITRE>Prendre un bon d&#xE9;part</TITRE>
        <URL>numerique/chap1/serie1/index.html</URL>
        <CODE>5N1s1</CODE>
      </SERIE>
      <SERIE>
        <TITRE>Priorit&#xE9;s op&#xE9;ratoires</TITRE>
        <URL>numerique/chap1/serie2/index.html</URL>
        <CODE>5N1s2</CODE>
      </SERIE>
      <SERIE>
        <TITRE>Distributivit&#xE9;</TITRE>
        <URL>numerique/chap1/serie3/index.html</URL>
        <CODE>5N1s3</CODE>
      </SERIE>
      <SERIE>
        <TITRE>Pour aller plus loin ...</TITRE>
        <URL>numerique/chap1/serie4/index.html</URL>
        <CODE>5N1s4</CODE>
      </SERIE>
    </CHAPITRE>
    <CHAPITRE>
      <TITRE>Nombres fractionnaires</TITRE>
      <SERIE>
        <TITRE>Prendre un bon d&#xE9;part</TITRE>
        <URL>numerique/chap2/serie1/index.html</URL>
        <CODE>5N2s1</CODE>
      </SERIE>
      <SERIE>
        <TITRE>Comparer</TITRE>
        <URL>numerique/chap2/serie2/index.html</URL>
        <CODE>5N2s2</CODE>
      </SERIE>
      <SERIE>
        <TITRE>Ajouter, soustraire</TITRE>
        <URL>numerique/chap2/serie3/index.html</URL>
        <CODE>5N2s3</CODE>
      </SERIE>
      <SERIE>
        <TITRE>Multiplier</TITRE>
        <URL>numerique/chap2/serie4/index.html</URL>
        <CODE>5N2s4</CODE>
      </SERIE>
      <SERIE>
        <TITRE>Calculs, priorit&#xE9;s</TITRE>
        <URL>numerique/chap2/serie5/index.html</URL>
        <CODE>5N2s5</CODE>
      </SERIE>
      <SERIE>
        <TITRE>Pour aller plus loin ...</TITRE>
        <URL>numerique/chap2/serie6/index.html</URL>
        <CODE>5N2s6</CODE>
      </SERIE>
    </CHAPITRE>
    <CHAPITRE>
      <TITRE>Nombres relatifs</TITRE>
      <SERIE>
        <TITRE>Prendre un bon d&#xE9;part</TITRE>
        <URL>numerique/chap3/serie1/index.html</URL>
        <CODE>5N3s1</CODE>
      </SERIE>
      <SERIE>
        <TITRE>Sur un axe gradu&#xE9;</TITRE>
        <URL>numerique/chap3/serie2/index.html</URL>
        <CODE>5N3s2</CODE>
      </SERIE>
      <SERIE>
        <TITRE>Dans un rep&#xE8;re</TITRE>
        <URL>numerique/chap3/serie3/index.html</URL>
        <CODE>5N3s3</CODE>
      </SERIE>
      <SERIE>
        <TITRE>Comparer</TITRE>
        <URL>numerique/chap3/serie4/index.html</URL>
        <CODE>5N3s4</CODE>
      </SERIE>
      <SERIE>
        <TITRE>Ajouter, soustraire</TITRE>
        <URL>numerique/chap3/serie5/index.html</URL>
        <CODE>5N3s5</CODE>
      </SERIE>
      <SERIE>
        <TITRE>Somme alg&#xE9;brique</TITRE>
        <URL>numerique/chap3/serie6/index.html</URL>
        <CODE>5N3s6</CODE>
      </SERIE>
      <SERIE>
        <TITRE>Distance sur une droite</TITRE>
        <URL>numerique/chap3/serie7/index.html</URL>
        <CODE>5N3s7</CODE>
      </SERIE>
      <SERIE>
        <TITRE>Pour aller plus loin ...</TITRE>
        <URL>numerique/chap3/serie8/index.html</URL>
        <CODE>5N3s8</CODE>
      </SERIE>
    </CHAPITRE>
    <CHAPITRE>
      <TITRE>Calcul litt&#xE9;ral</TITRE>
      <SERIE>
        <TITRE>Prendre un bon d&#xE9;part</TITRE>
        <URL>numerique/chap4/serie1/index.html</URL>
        <CODE>5N4s1</CODE>
      </SERIE>
      <SERIE>
        <TITRE>Expression litt&#xE9;rale</TITRE>
        <URL>numerique/chap4/serie2/index.html</URL>
        <CODE>5N4s2</CODE>
      </SERIE>
      <SERIE>
        <TITRE>Calcul litt&#xE9;ral</TITRE>
        <URL>numerique/chap4/serie3/index.html</URL>
        <CODE>5N4s3</CODE>
      </SERIE>
      <SERIE>
        <TITRE>Egalit&#xE9;s, tests</TITRE>
        <URL>numerique/chap4/serie4/index.html</URL>
        <CODE>5N4s4</CODE>
      </SERIE>
      <SERIE>
        <TITRE>Pour aller plus loin ...</TITRE>
        <URL>numerique/chap4/serie5/index.html</URL>
        <CODE>5N4s5</CODE>
      </SERIE>
    </CHAPITRE>
    <CHAPITRE>
      <TITRE>Proportionnalit&#xE9;</TITRE>
      <SERIE>
        <TITRE>Prendre un bon d&#xE9;part</TITRE>
        <URL>numerique/chap5/serie1/index.html</URL>
        <CODE>5N5s1</CODE>
      </SERIE>
      <SERIE>
        <TITRE>Situations de proportionnalit&#xE9;</TITRE>
        <URL>numerique/chap5/serie2/index.html</URL>
        <CODE>5N5s2</CODE>
      </SERIE>
      <SERIE>
        <TITRE>Echelles</TITRE>
        <URL>numerique/chap5/serie3/index.html</URL>
        <CODE>5N5s3</CODE>
      </SERIE>
      <SERIE>
        <TITRE>Grandeurs</TITRE>
        <URL>numerique/chap5/serie4/index.html</URL>
        <CODE>5N5s4</CODE>
      </SERIE>
      <SERIE>
        <TITRE>Pour aller plus loin ...</TITRE>
        <URL>numerique/chap5/serie5/index.html</URL>
        <CODE>5N5s5</CODE>
      </SERIE>
    </CHAPITRE>
    <CHAPITRE>
      <TITRE>Statistiques</TITRE>
      <SERIE>
        <TITRE>Prendre un bon d&#xE9;part</TITRE>
        <URL>numerique/chap6/serie1/index.html</URL>
        <CODE>5N6s1</CODE>
      </SERIE>
      <SERIE>
        <TITRE>Lecture</TITRE>
        <URL>numerique/chap6/serie2/index.html</URL>
        <CODE>5N6s2</CODE>
      </SERIE>
      <SERIE>
        <TITRE>Repr&#xE9;sentation</TITRE>
        <URL>numerique/chap6/serie3/index.html</URL>
        <CODE>5N6s3</CODE>
      </SERIE>
      <SERIE>
        <TITRE>Interpr&#xE9;tation</TITRE>
        <URL>numerique/chap6/serie4/index.html</URL>
        <CODE>5N6s4</CODE>
      </SERIE>
      <SERIE>
        <TITRE>Pour aller plus loin ...</TITRE>
        <URL>numerique/chap6/serie5/index.html</URL>
        <CODE>5N6s5</CODE>
      </SERIE>
    </CHAPITRE>
  </NUMERIQUE>
  <G0>
    <CHAPITRE>
      <TITRE>Didacticiel</TITRE>
      <SERIE>
        <TITRE>S'exercer avec les instruments</TITRE>
        <URL>geometrie/chap0/serie1/index.html</URL>
        <CODE>5G0s1</CODE>
      </SERIE>
      <SERIE>
        <TITRE>S'exercer en Num&#xE9;rique</TITRE>
        <URL>geometrie/chap0/serie2/index.html</URL>
        <CODE>5G0s2</CODE>
      </SERIE>
    </CHAPITRE>
  </G0>
</ARBRE>
